control_id,iteration,recommendation
148,1,"The incident management process demonstrates good overall compliance with an average cost metric of 0.0474, falling within the ""low"" severity range and meeting acceptable thresholds. Active incidents were significantly reduced from 1963 to 451, and only 6.88% of closed incidents were of high or critical severity. However, the critical issue of only 44.43% of incidents meeting SLA obligations persists, requiring immediate management attention to investigate and address the root causes of these failures to ensure contractual compliance. The average time to resolve incidents, approximately 15.14 days, also indicates an area for potential efficiency improvements."
148,2,"The incident management process shows a positive trend with a significant reduction in active incidents from 1963 to 451, and a **low overall process non-compliance cost of 0.047**, which is good given the acceptable nature of certain repetitive detection, N*RC variants, and repetitive awaiting activities. During the period, 1598 incidents were closed, including 103 high and 7 critical severity cases. However, only **44.43% of incidents met their SLA**, and the **average time to resolve is high at 21807.82 minutes**, indicating critical failures in contractual obligations and efficiency. Remediation must focus on identifying root causes for the low SLA achievement and prolonged resolution times, and investigate the unusually low count of 5 newly opened incidents to ensure data accuracy."
148,3,"The incident management process shows strong operational performance with active incidents significantly reduced from 1963 to 451, and the overall process compliance cost is low at 0.0474, indicating efficient execution from a cost perspective. This is further supported by acceptable levels of repetitive detection and awaiting activities, and the N*RC variant not being considered a process error. However, a critical concern remains as only 44.43% of incidents met their SLA, indicating a severe failure in meeting contractual obligations. Remediation should prioritize investigating the root causes for the low SLA achievement and re-evaluating resource allocation or SLA targets to ensure contractual adherence."
148,4,"The incident management process demonstrates strong compliance in terms of non-compliance cost, with an average cost of 0.0474, which falls into the 'low' severity category. Active incidents decreased significantly from 1963 to 451, and 1598 incidents were closed in the period, with only 6.9% being high or critical severity. However, the critical issue of consistently failing to meet contractual obligations persists, with only 44.43% of SLAs being met. Remediation must prioritize a thorough investigation into the root causes of these widespread SLA breaches, as this remains a significant risk to contractual compliance."
148,5,"The incident management process demonstrates low non-compliance cost (0.0474), indicating good overall process adherence based on the new metric. Active incidents significantly decreased from 1963 to 451, with 1598 incidents closed during the period, including 103 high and 7 critical severity incidents. However, only 44.43% of incidents met their SLA, and the average resolution time remains high at 15.14 days. Critical remediation is needed to investigate the 0% rate of incidents resolved by the assigned personnel, which is likely a major contributor to poor SLA adherence and extended resolution times, to ensure contractual obligations are met."
148,6,"The overall incident management process demonstrates strong cost compliance with an average compliance cost of 0.0474, falling into the ""low"" severity range and meeting acceptable thresholds. Active incidents have significantly decreased from 1963 to 451, and only 6.88% of the 1598 closed incidents were of high or critical severity, indicating improved operational efficiency. However, the SLA achievement rate remains critically low at 44.43%, primarily due to a prolonged average incident resolution time of 15.14 days.

**Required Remediation:**
Prioritize strategic initiatives to reduce the average incident resolution time, which is the primary driver for the low SLA achievement rate. Investigate the root causes for the extended resolution times and the unusual 0% `perc_assigned_to_resolved_by` metric to identify potential data quality issues or areas for process optimization in incident assignment and resolution workflows."
148,7,"The incident management process exhibits a low overall compliance cost of 0.0474, indicating good adherence to the adjusted process model. However, key operational metrics reveal significant issues: only 44.43% of incidents met their SLA, and the average time to resolve incidents is a lengthy 15.14 days. Furthermore, the extremely low number of 5 newly opened incidents during the period requires immediate investigation into potential detection or reporting gaps. Remediation should focus on identifying and addressing bottlenecks to improve SLA adherence and resolution times, and thoroughly investigate the anomaly in new incident reporting."
148,8,"The incident management process shows a positive trend in reducing active incidents from 1963 to 451, with 1598 incidents closed, including 110 high or critical severity cases. While the overall process compliance cost is low at 0.047, indicating efficient process execution from a financial perspective, the percentage of incidents meeting SLA remains critically low at 44.43%. A manager should prioritize investigating the root causes for this severe SLA non-compliance to ensure contractual obligations are consistently met, especially for high and critical severity incidents."
148,9,"Overall process compliance, measured by cost, is excellent at 0.0474 (low severity), supported by a significant reduction in active incidents from 1963 to 451 and the re-categorization of specific deviations as non-process-harming. Despite this strong process adherence, a critical concern remains with only 44.43% of incidents meeting their SLA, alongside a high average resolution time of over 15 days. Remediation should therefore target operational efficiencies to improve SLA adherence and reduce resolution times, rather than focusing on fundamental process changes."
148,10,"The incident management process demonstrates excellent cost compliance with an average cost of 0.0474, indicating a low severity level, further supported by the acceptable nature of repetitive detection/awaiting activities and N*RC variants. However, a critical issue persists with only 44.43% of incidents meeting their SLA, and the average time to resolve incidents remains very high at 21807.82 minutes. Remediation must prioritize identifying and addressing the root causes for the low SLA adherence and long resolution times to meet contractual obligations. Additionally, the remarkably low count of 5 newly opened incidents in the period requires immediate clarification regarding data integrity."
149,1,"The incident management process exhibits critical non-compliance, with an overall compliance cost of 140.9, significantly exceeding the defined 'critical' threshold of 2.0. Key deviations driving this include 319 missing Detection (N) and 544 missing Activation (A) activities, along with 1990 repetitive Activation (A) and 115 mismatched Activation (A) deviations. Furthermore, average durations for Detection (6035 min), Activation (12655 min), Awaiting (23530 min), and Resolution (8531 min) critically surpass non-acceptable time thresholds. As a Monitor, I recommend immediate investigation into the root causes of these persistent missing and mismatched activities, particularly in the Activation state, and the severe bottlenecks causing excessive time in core process stages to enforce adherence to the reference model."
149,2,"The incident management process exhibits critical non-compliance, primarily due to an excessive average 'awaiting' state duration of 16 days, 8 hours, 10 minutes, significantly exceeding the 10-day non-acceptable threshold. Furthermore, 'activation' events show 1990 repetitions, far surpassing the acceptable limit of 500, and 'resolution' has 45 mismatches, exceeding its 20-occurrence threshold, indicating persistent process inconsistencies. While repetitive 'detection' and 'awaiting' activities and 'N*RC' variants are now deemed acceptable due to environmental clarifications, these other critical deviations highlight significant operational inefficiencies. Remediation must prioritize investigating and reducing the 'awaiting' state's duration and addressing the root causes of 'activation' repetitions and 'resolution' mismatches."
149,3,"The incident management process exhibits critical non-compliance, with an overall calculated cost of 140.9, significantly exceeding the critical threshold. While repetitive 'detection' and 'awaiting' activities, along with N*RC variants, are now considered acceptable, critical issues persist. Specifically, 'activation' shows critically high missing (544) and repetition (1990) deviations, and 'detection' has 319 missing events. Furthermore, average durations for 'detection' (4d 6h), 'activation' (8d 18h), 'awaiting' (16d 8h), and 'resolution' (5d 22h) remain critically prolonged.

**Recommendation:**
As a Monitor, I recommend immediate investigation into the root causes of the critically high missing deviations in 'detection' and 'activation', and the excessive repetitions in 'activation'. Concurrently, address the severely prolonged average state durations across 'detection', 'activation', 'awaiting', and 'resolution' to improve overall process efficiency and compliance."
149,4,"The incident management process exhibits significant compliance issues and performance bottlenecks, despite certain deviations being reclassified as acceptable. Critical non-compliance is observed in `activation` and `resolution` activities, with `repetition A` (1990 vs. <=500), `mismatch A` (115 vs. <=50), and `mismatch R` (45 vs. <=20) far exceeding thresholds. Additionally, `missing N` (319 vs. <=20) and `missing A` (544 vs. <=200) remain significant concerns, even after accounting for acceptable `N*RC` variants. Major performance bottlenecks are evident in state durations, with `detection` (4d 6h 35min), `activation` (8d 18h 55min), `awaiting` (16d 8h 10min), and `resolution` (5d 22h 11min) all significantly exceeding non-acceptable times, and the `R->C` transition taking an excessive 5 days. Remediation should focus on investigating the root causes for the high `missing N` and `missing A` counts, addressing the critical `repetition A`, `mismatch A`, and `mismatch R` deviations, and implementing measures to drastically reduce the prolonged state durations and the `R->C` transition time."
149,5,"The incident management process exhibits critical non-compliance with a total cost metric of 124.0, significantly exceeding the critical threshold (>= 0.3). This is primarily driven by 319 missing 'detection' and 544 missing 'activation' states, alongside 1990 repetitions in 'activation' and 119 in 'resolution', which remain non-compliant even after accounting for recent clarifications. Furthermore, average state durations for 'detection' (6155 min), 'activation' (12655 min), 'awaiting' (23530 min), and 'resolution' (8531 min) are critically high, indicating severe bottlenecks.

**Required Remediation:**
Immediate remediation must focus on investigating the root causes of these persistent missing and repetitive states, and implementing process improvements to drastically reduce the excessive time spent in these critical phases."
149,6,"The incident management process exhibits critical compliance issues, with an overall non-compliance cost of 140.9, placing it in the highest severity category. Despite re-interpretations for repetitive detection and awaiting activities and N*RC variants, significant bottlenecks persist as average durations for Detection, Activation, Awaiting, and Resolution remain critically above non-acceptable thresholds. Furthermore, high counts of missing Detection (319) and Activation (544) states, along with excessive repetitions in Activation (1990) and Resolution (119), and mismatches in Activation (115) and Resolution (45), indicate persistent process deviations and inefficiencies. Investigation into these specific state deviations and the frequent 'R C' variant (27 occurrences) is required to improve compliance and operational efficiency."
149,7,"The incident management process exhibits critical non-compliance with an overall cost metric of 140.9, significantly exceeding the 'critical' threshold of 2.0. This is primarily driven by substantial missing 'detection' (319) and 'activation' (544) activities, coupled with high repetition (1990) and mismatch (115) in the 'activation' state. Furthermore, average durations for 'detection' (4d 6h 35min), 'activation' (8d 18h 55min), 'awaiting' (16d 8h 10min), and 'resolution' (5d 22h 11min) remain critically extended, far surpassing acceptable time limits. Immediate remediation is required to investigate the root causes of these persistent deviations and prolonged state times, focusing on enforcing adherence to the defined process steps and improving efficiency within the 'detection', 'activation', 'awaiting', and 'resolution' phases."
149,8,"The incident management process presents a mixed compliance status after re-evaluation. While repetitive 'detection' (N) and 'awaiting' (W) activities, along with 'N*RC' variants, are now considered compliant due to specific operational contexts and tuned thresholds, critical non-compliance persists in other areas. 'Activation' (A) exhibits severe deviations across missing (544 vs <=200), repetition (1990 vs <=500), and mismatch (115 vs <=50) activities. 'Detection' (N) also shows a high number of missing activities (319 vs <=20), and 'Resolution' (R) has significant repetition (119 vs <=50) and mismatch (45 vs <=20) issues. Furthermore, the average 'awaiting' (W) duration of 16 days, 8 hours, 10 minutes is critically prolonged, significantly exceeding the 10-day non-acceptable threshold, indicating a severe operational bottleneck.

**Required Remediation:**
1.  **Investigate 'Activation' (A) process steps:** Address the root causes for the critically high missing, repetition, and mismatch deviations in the 'Activation' state.
2.  **Address 'Detection' (N) missing activities:** Determine why 319 detection activities are missing and implement corrective actions.
3.  **Optimize 'Resolution' (R) process:** Reduce repetitions and mismatches in the 'Resolution' state.
4.  **Expedite 'Awaiting' (W) state:** Implement strategies to significantly reduce the average time incidents spend in the 'Awaiting' state, as its 16-day duration severely impacts overall incident resolution time."
149,9,"The incident management process exhibits critical compliance issues, with a total non-compliance cost of 137.26, significantly exceeding the critical threshold. Average state durations for 'detection' (6155 min), 'activation' (12655 min), 'awaiting' (23530 min), and 'resolution' (8531 min) critically exceed non-acceptable thresholds, indicating severe bottlenecks. While repetitive 'detection' (1777) and 'awaiting' (1653) activities, and 'N*RC' variants (182 occurrences) are now considered compliant, significant deviations remain, including 319 missing 'detection' activities and 1990 repetitive 'activation' activities. Immediate remediation is required to reduce excessive state times and address the remaining core process deviations contributing to this critical non-compliance."
149,10,"The incident management process still exhibits critical non-compliance, despite reclassifying repetitive detection (1777) and awaiting (1653) activities, and N*RC variants, as non-process errors due to updated thresholds and process clarifications. Significant issues persist with missing detection (319, exceeding <=20) and activation (544, exceeding <=200) activities, alongside excessive repetitions in activation (1990, exceeding <=500) and resolution (119, exceeding <=50), and mismatches in activation (115, exceeding <=50) and resolution (45, exceeding <=20). Furthermore, average durations for Detection (4d 6h), Activation (8d 18h), Awaiting (16d 8h), and Resolution (5d 22h) critically exceed non-acceptable thresholds (e.g., 1440min for detection), indicating severe process bottlenecks. The Monitor should prioritize investigating the root causes of these persistent deviations and prolonged state durations to enforce process adherence."
150,1,"The most frequent variants are 'N R C' (182), 'A R C' (135), and 'N N R C' (81). While 'A R C' and 'N A R C' are compliant, 'N R C' and 'N N R C' are now considered acceptable due to automated merge rules and the nature of repetitive detection triggers. However, significant compliance issues persist:

1.  **Repetitive Activation (A):** Variants like 'N A A R C' (46) and 'A A R C' (38) show repeated 'Activation' states. The total 'A' repetition count (1990) critically exceeds the acceptable threshold of 500, indicating potential inefficiencies or re-activations not covered by the updated acceptable deviations.
2.  **Missing Initial Stages:** The 'R C' variant (27) bypasses 'Detection' and 'Activation', which is a critical process deviation not covered by any exceptions. This is supported by high counts of missing 'N' (319) and 'A' (544).
3.  **Mismatched Transitions:** The 'N W R C' variant (22) indicates a direct transition from 'Detection' to 'Awaiting', bypassing 'Activation', which is not permitted by the reference model or excused by the merge rule update.

**Required Remediation:** Investigate the root causes for the high frequency of repetitive 'Activation' states and incidents directly starting at 'Resolution' or 'Awaiting' to ensure proper process adherence and prevent critical bypasses."
150,2,"The most frequent recorded variants are 'N R C' (182 incidents), 'A R C' (135 incidents), 'N N R C' (81 incidents), 'N A R C' (59 incidents), and 'N N N R C' (49 incidents). Based on the updated compliance rules, 'N*RC' variants (e.g., 'N R C', 'N N R C', 'N N N R C') are considered compliant due to merge rules, and repetitive 'Detection (N)' activities are not process errors.

However, significant non-compliance is observed in 135 'A R C' incidents and 27 'R C' incidents, where the initial 'Detection (N)' state is bypassed, incurring a compliance cost for missing 'N' (0.08 per incident). Furthermore, 'N A A R C' (46 incidents) and 'A A R C' (38 incidents) show unexcused repetitions of 'Activation (A)', incurring a compliance cost for repetition in 'A' (0.04 per repetition).

It is recommended to investigate the root cause of incidents bypassing the 'Detection (N)' state and the frequent repetitions in the 'Activation (A)' state to ensure better process adherence."
150,3,"The most frequent variants are `N R C` (182 incidents), `A R C` (135 incidents), and `N N R C` (81 incidents). `N R C` and `N N R C` are compliant, as they represent incidents handled by automated merge rules, where multiple detection triggers (`N N`) proceed directly to resolution without manual operator involvement in activation. `A R C` is also a compliant path from activation to closure, though its prevalence suggests initial detection might often be handled outside the recorded trace. The Monitor should investigate the frequent `A A` repetitions observed in other variants, as these have not been exempted and could indicate inconsistencies in the activation process."
150,4,"The most frequent recorded variants are ""N R C"" (182 incidents), ""A R C"" (135 incidents), and ""N N R C"" (81 incidents). While ""N R C"" and other N*RC variants are now considered compliant due to merge rules and repetitive detection activities are acceptable, ""A R C"" represents a significant non-compliance as incidents frequently bypass the mandatory initial detection state. Further non-compliant patterns include repetitions in the 'Activation' state (e.g., ""N A A R C"" with 46 incidents) and incidents starting directly at 'Resolution' (e.g., ""R C"" with 27 incidents). Remediation is required to investigate why incidents bypass the detection phase and why activation activities are frequently repeated."
150,5,"The most frequent recorded variants are `N R C` (182 occurrences), `A R C` (135 occurrences), and `N N R C` (81 occurrences). The `N R C` and `N N R C` variants, previously noted for bypassing 'activation' or repeated 'detection', are now understood as expected behavior due to temporary merge rules or multiple triggers, and thus do not indicate process non-compliance. However, the `A R C` variant, representing incidents starting directly at 'activation' without prior 'detection', remains a significant deviation from the reference model's `detection -> activation` flow. Remediation: Investigate the root cause of incidents bypassing the initial 'detection' state to ensure proper incident logging and adherence to the formal process."
150,6,"The most frequent recorded variants indicating potential non-compliance are 'A R C' (135 occurrences), 'N A A R C' (46 occurrences), 'A A R C' (38 occurrences), and 'R C' (27 occurrences). Variants like 'A R C' and 'A A R C' bypass the initial 'detection' state, while 'R C' indicates incidents directly starting at 'resolution', skipping all preceding states. Repetitive 'activation' (A) in 'N A A R C' and 'A A R C' also deviates from the expected single flow.

**Recommendation:** As a Monitor, investigate the root causes for incidents bypassing the 'detection' state, starting directly at 'resolution', and exhibiting repetitive 'activation' activities to ensure adherence to the defined incident management process."
150,7,"The most frequent recorded variant, 'N R C' (182 occurrences), along with variants featuring repetitive 'N' states like 'N N R C' (81 occurrences), are now deemed acceptable due to temporary merge rules and multiple detection triggers, respectively. The 'A R C' variant (135 occurrences) is a compliant path that skips the 'awaiting' state. However, the 'R C' variant (27 occurrences) is a critical deviation, indicating incidents bypassing 'detection' and 'activation' to start directly at 'resolution', which warrants immediate investigation as it incurs significant non-compliance cost for missing activities. While within numerical thresholds, the frequent repetitions in the 'activation' state (e.g., 'N A A R C', 46 occurrences) are not explained by system behavior and should be discussed for potential process inefficiencies."
150,8,"The most frequent variants are 'N R C' (182 incidents), 'A R C' (135 incidents), and 'N N R C' (81 incidents). While 'N R C' and 'N N R C' involve skipping activities or repetitive detections, these are considered non-compliance due to temporary merge rules and multiple triggers for detection, thus not requiring further attention. 'A R C' and 'N A R C' (59 incidents) represent compliant paths within the reference model. However, the 'R C' variant (27 incidents), which skips all initial process stages (detection, activation, awaiting), remains a critical compliance concern. As a Monitor, investigate the root cause for incidents directly reaching resolution without prior processing, as this indicates a significant process breakdown or data integrity issue."
150,9,"The most frequent variants are 'N R C' (182 incidents), 'A R C' (135 incidents), and 'N N R C' (81 incidents). While 'N R C' and 'N N R C' are now considered acceptable due to merge rules and the nature of repetitive 'detection' activities, the 'A R C' variant remains a significant concern, as it indicates 135 incidents bypass the initial 'detection' phase. Furthermore, variants like 'N A A R C' (46 incidents) and 'A A R C' (38 incidents) highlight unaddressed repetitions in the 'activation' state, which are not exempted from compliance issues.

**Recommendation:** Investigate the root cause for incidents starting directly at 'activation' without preceding 'detection' (e.g., 'A R C' variant), as this bypasses a critical initial process step. Additionally, analyze the reasons behind repetitive 'activation' states (e.g., 'N A A R C'), as these are not covered by the provided exemptions and indicate potential process inefficiencies or errors."
150,10,"The most frequent variant, 'N R C' (182 occurrences), and other N*RC patterns (e.g., 'N N R C', 81 occurrences) are operationally compliant due to automated merge rules for multiple detection triggers, and thus do not require further attention. Repetitions in the 'Awaiting' state (e.g., 'N A W W R C', 12 occurrences) are also acceptable, as they relate to external dependencies. The 'A R C' (135 occurrences) and 'N A R C' (59 occurrences) variants represent standard, compliant process flows. No immediate remediation is required as the most frequent variants align with the updated operational context and acceptable deviation thresholds."
151,1,"Based on the 'cost' compliance metric and the updated interpretations for repetitive 'detection' and 'awaiting' activities, all incident management activities ('detection', 'activation', 'awaiting', 'resolution', 'closure') are compliant, with average costs of 0.02 or 0.0, well below the acceptable threshold of <= 0.05. While these specific deviations no longer impede compliance, the 'awaiting' activity still exhibits the longest average duration (16d, 8h, 10min) and 1653 repetitions. As a Responder, it is recommended to investigate the underlying causes of extended 'awaiting' times for potential operational efficiencies, even if compliant. Continuous monitoring of all activities is advised to ensure sustained low non-compliance costs."
151,2,"The incident management process demonstrates strong compliance with the 'cost' metric for all assessed activities. The average non-compliance costs for Detection (0.02), Activation (0.02), Awaiting (0.0), Resolution (0.0), and Closure (0.0) are all well below the acceptable threshold of <= 0.05. This high compliance is supported by the new interpretations, which consider repetitive detection deviations (1777) and repetitive awaiting activities (1653) as non-process-harming due to tuned thresholds and specific operational contexts. No activities are currently impeding compliance, and therefore, no remediation is required."
151,3,"The average non-compliance cost per activity is calculated using the provided cost model, excluding repetitions for 'detection' and 'awaiting' as they are not considered process errors for security operators.\n\nThe calculated average non-compliance costs per activity are:\n*   **Detection (N): 0.04** (Acceptable: <= 0.05)\n*   **Activation (A): 0.17** (Moderate: >= 0.1 AND < 0.2)\n*   **Awaiting (W): 0.00** (Acceptable: <= 0.05)\n*   **Resolution (R): 0.02** (Acceptable: <= 0.05)\n*   **Closure (C): 0.00** (Acceptable: <= 0.05)\n\n**Recommendation:**\nThe 'Activation' (A) activity exhibits a moderate non-compliance cost of 0.17, exceeding the acceptable threshold of 0.05. This is primarily driven by 1990 repetitions and 115 mismatches, and an average duration of 8 days, 18 hours, 55 minutes. While repetitions in detection and awaiting are excluded, the high number of repetitions and mismatches in 'Activation' indicates potential process inefficiencies or unclear guidelines for responders.\n\n**Required Remediation:**\nFocus remediation efforts on the 'Activation' activity. Investigate the root causes of the high number of repetitions and mismatches (1990 and 115 respectively) in this phase. This may involve refining the activation process, improving initial incident assessment, or enhancing training for responders to ensure consistent and accurate execution of activation steps."
151,4,"The incident management process demonstrates overall good compliance, with all activities (Detection: 0.02, Activation: 0.02, Awaiting: 0.0, Resolution: 0.0, Closure: 0.0) showing low non-compliance costs that meet the acceptable threshold (`<= 0.05`). However, the "Detection" activity exhibits a significant process compliance impediment with 319 missing deviations, which substantially exceeds the acceptable threshold of `<=20`. Remediation should focus on investigating the root cause of incidents bypassing the initial detection phase to ensure all incidents are properly initiated as per the reference model."
151,5,"The average non-compliance cost for 'Activation' (0.753) is critically high, significantly exceeding the acceptable threshold of <= 0.05, primarily due to 1990 repetitions, 544 missing, and 115 mismatch deviations. 'Detection' (0.106) and 'Resolution' (0.082) activities are also non-compliant, falling into moderate and low severity categories respectively, with 'Detection' impacted by 319 missing deviations and 'Resolution' by 119 repetitions and 45 mismatch deviations. Remediation is required to investigate the root causes of these deviations, especially for 'Activation', and implement targeted process improvements or training for responders to reduce missing, repetition, and mismatch instances in these activities."
151,6,"All activities (Detection: 0.02, Activation: 0.02, Awaiting: 0.00, Resolution: 0.00, Closure: 0.00) demonstrate excellent compliance, falling within the 'low' severity range (<=0.05) for the average non-compliance cost metric. Despite this, several activities exhibit high deviation counts that warrant attention for continuous process improvement. Specifically, Detection has 319 missing activities (threshold <=20), Activation has 1990 repetitions (threshold <=500) and 115 mismatches (threshold <=50), Resolution has 119 repetitions (threshold <=50) and 45 mismatches (threshold <=20), and Closure has 8 repetitions (threshold <=5). Remediation should focus on understanding the root causes of these specific high deviation counts to further streamline processes, even though their current average cost impact is low due to the applied tunings and cost model."
151,7,"The incident management process demonstrates good compliance based on the 'cost' metric, with all activities ('detection', 'activation', 'awaiting', 'resolution', 'closure') showing average costs of 0.02 or 0.00, which are within the 'low' severity range and below the acceptable threshold of <= 0.05. This positive assessment is largely due to the re-evaluation of 'repetition' deviations in 'detection' (1777 count) and 'awaiting' (1653 count) as non-process-harming for operators, and the acceptance of the 'N*RC' variant.\n\nHowever, despite the low compliance costs, significant operational inefficiencies persist as evidenced by excessive average durations in key activities: 'detection' (6155 min vs. <=1440 min acceptable), 'activation' (12655 min vs. <=4320 min acceptable), 'awaiting' (23530 min vs. <=7200 min acceptable), and 'resolution' (8531 min vs. <=2880 min acceptable). These prolonged durations are impeding factors for responders.\n\n**Required Remediation:** Focus remediation on streamlining the 'detection', 'activation', 'awaiting', and 'resolution' activities to reduce their average durations, as they far exceed non-acceptable time thresholds. Investigate root causes for the high number of 'missing' deviations in 'detection' (319) and 'activation' (544), and 'mismatch' deviations in 'activation' (115) and 'resolution' (45), which still contribute to process cost and likely impact overall efficiency."
151,8,"The average non-compliance costs per activity are all in the critical severity range. Specifically, Detection (25.52), Activation (91.1), and Resolution (12.54) exhibit costs significantly exceeding the maximum defined critical threshold of 2.0, indicating severe process non-compliance. Activation shows the highest non-compliance cost, primarily driven by 1990 repetitions and 115 mismatches.\n\n**Required Remediation:**\nAs a Responder, immediate remediation efforts should prioritize the Activation activity to reduce repetitive process steps and mismatches. Additionally, the root cause of 319 missing Detection activities needs to be investigated and addressed to improve overall process compliance."
151,9,"The average non-compliance cost for all activities (detection, activation, awaiting, resolution, closure) is 0.02 or 0.00, placing them all in the 'low' severity level (< 0.1) and well within the acceptable compliance threshold of `<= 0.05`. The previous assessment's concerns about 'activation' and 'awaiting' are now mitigated under the 'cost' metric and updated interpretation of deviations. Specifically, repetitive detection deviations are not considered process errors, and repetitive awaiting activities are outside security operator control, thus not impacting compliance.\n\nRecommendation: No immediate remediation is required as all activities demonstrate 'low' non-compliance costs, indicating good process compliance. Continue monitoring these metrics to ensure sustained performance."
151,10,"Based on the 'cost' compliance metric, all process activities (Detection: 0.02, Activation: 0.02, Awaiting: 0.0, Resolution: 0.0, Closure: 0.0) are compliant, as their average costs are below the acceptable threshold of <= 0.05, incorporating the reclassification of repetitive 'Detection' and 'Awaiting' deviations, and 'N*RC' variants. However, critical non-compliance persists in average time spent for 'Detection' (6155 min vs. non-acceptable >= 2880 min), 'Activation' (12655 min vs. non-acceptable >= 7200 min), 'Awaiting' (23530 min vs. non-acceptable >= 14400 min), and 'Resolution' (8531 min vs. non-acceptable >= 4320 min).\n\n**Required Remediation:**\nFocus remediation on streamlining processes to significantly reduce the excessive average time spent in 'Detection', 'Activation', 'Awaiting', and 'Resolution' activities to meet their defined acceptable time limits."
152,1,"The average durations for Detection (4d 6h 35min), Activation (8d 18h 55min), Awaiting (16d 8h 10min), and Resolution (5d 22h 11min) are all significantly above their respective non-acceptable time thresholds (2880min, 7200min, 14400min, 4320min), indicating severe process efficiency impediments. While the average cost compliance for each activity is low (0.00-0.02), attributed to specific deviation re-interpretations (e.g., repetitive detection, missing activation, repetitive awaiting) and tuned thresholds, these prolonged durations still require urgent attention. The 'awaiting' state remains the most critical bottleneck. Remediation requires a detailed review of workflows and resource allocation for these activities to identify root causes for delays and implement process improvements for future duration reduction."
152,2,"Incident management compliance for average activity durations indicates significant inefficiencies. The average durations for Detection (6155 min), Activation (12655 min), Awaiting (23530 min), and Resolution (8531 min) are critically above their respective non-acceptable thresholds (2880 min, 7200 min, 14400 min, and 4320 min), severely impeding process efficiency. Remediation requires investigating the root causes for these extended durations, particularly for Activation where 544 missing instances exceed the acceptable limit of 200, and implementing targeted process improvements to streamline these phases. Despite these significant time deviations, the overall compliance cost is currently rated as low."
152,3,"The average durations for Detection (4d, 6h, 35min), Activation (8d, 18h, 55min), Awaiting (16d, 8h, 10min), and Resolution (5d, 22h, 11min) are critically above their respective non-acceptable thresholds (2880min, 7200min, 14400min, and 4320min). While the calculated non-compliance cost for all states is low (0.0-0.02), these prolonged durations still indicate significant process inefficiencies.\n\n**Remediation:** Immediately investigate the root causes of these critically prolonged durations. For Detection, prioritize reducing the high count of missing activities (319 vs. <=20 acceptable). For Activation, address the critical repetition (1990 vs. <=500 acceptable) and mismatch (115 vs. <=50 acceptable) deviations. For Resolution, focus on reducing repetition (119 vs. <=50 acceptable) and mismatch (45 vs. <=20 acceptable) deviations. Focus on streamlining workflows and re-evaluating resource allocation to drastically reduce these activity times and improve overall incident management efficiency."
152,4,"The average durations for Detection (4d 6h 35min), Activation (8d 18h 55min), Awaiting (16d 8h 10min), and Resolution (5d 22h 11min) are critically high, significantly exceeding their non-acceptable thresholds (2880, 7200, 14400, 4320 minutes respectively). Despite low non-compliance costs (0.0-0.02), these prolonged durations indicate severe process inefficiency. While repetitive deviations in Detection (1777) and Awaiting (1653) are reinterpreted as non-process errors and fall within tuned thresholds, other deviations contribute to inefficiency. Remediation must focus on streamlining these activities by addressing high numbers of missing Detection activities (319 vs. <=20), and missing (544 vs. <=200), repetition (1990 vs. <=500), and mismatch (115 vs. <=50) in Activation, as well as repetition (119 vs. <=50) and mismatch (45 vs. <=20) in Resolution to drastically reduce overall incident handling time."
152,5,"All activities (Detection, Activation, Awaiting, Resolution, Closure) are compliant with their respective non-compliance cost thresholds (all <= 0.02 vs. acceptable <= 0.05), reflecting that specific deviations (repetitive Detection, N*RC variants, repetitive Awaiting) are correctly not considered process-harming. However, process efficiency is severely impeded by excessive average activity durations. Detection (4d 6h 35min), Activation (8d 18h 55min), Awaiting (16d 8h 10min), and Resolution (5d 22h 11min) all significantly exceed their non-acceptable time thresholds (e.g., Detection >= 2880 min, Awaiting >= 14400 min). Remediation requires immediate investigation into the root causes of these prolonged durations to identify and implement means for future reduction and improve overall incident response efficiency."
152,6,"While the average process compliance values for all activities (Detection, Activation, Awaiting, Resolution, Closure) are now categorized as "low cost" (0.00-0.02), indicating good compliance from a cost perspective, the average activity durations remain a critical impediment to process efficiency. Detection (4d, 6h, 35min), Activation (8d, 18h, 55min), Awaiting (16d, 8h, 10min), and Resolution (5d, 22h, 11min) activities significantly exceed their acceptable timeframes (1440, 4320, 7200, and 2880 minutes respectively). The previous concerns regarding repetitive detection and awaiting activities are now mitigated by updated thresholds and context.\n\n**Recommendation:** Focus remediation efforts on identifying and addressing the root causes of the excessive average durations in Detection, Activation, Awaiting, and Resolution activities. Despite low non-compliance costs, these prolonged durations indicate severe operational inefficiencies that directly impact the Responder\'s ability to handle incidents swiftly."
152,7,"While the cost compliance values for all activities (Detection: 0.02, Activation: 0.02, Awaiting: 0.0, Resolution: 0.0, Closure: 0.0) are in the 'low' severity range, indicating good process adherence given the refined deviation definitions, the average activity durations remain critically high. Detection (4d 6h 35min), Activation (8d 18h 55min), Awaiting (16d 8h 10min), and Resolution (5d 22h 11min) all significantly exceed their non-acceptable thresholds (2d, 5d, 10d, 3d respectively), indicating severe process efficiency impediments.\n\n**Recommendation:** Immediate remediation is required to address the excessive durations in Detection, Activation, Awaiting, and Resolution activities. Responders must investigate underlying causes such as bottlenecks or resource constraints to implement targeted improvements and reduce these prolonged activity times for better process efficiency."
152,8,"As a Responder, the 'awaiting' (16d, 8h, 10min), 'activation' (8d, 18h, 55min), 'resolution' (5d, 22h, 11min), and 'detection' (4d, 6h, 35min) activities are significantly impeding process efficiency, all vastly exceeding their non-acceptable time thresholds. While the non-compliance cost for all activities is low (0.00-0.02, within the acceptable <=0.05), indicating that specific deviation types are not considered costly errors, these prolonged durations still highlight significant operational inefficiencies. Remediation should focus on investigating the root causes of these excessive delays and streamlining workflows to reduce activity durations, irrespective of their low compliance cost."
152,9,"The average durations for Detection (4d, 6h, 35min), Activation (8d, 18h, 55min), Awaiting (16d, 8h, 10min), and Resolution (5d, 22h, 11min) significantly exceed their respective non-acceptable time thresholds, indicating severe process efficiency impediments. While the overall non-compliance cost for each activity is low (0.0-0.02), this does not negate the critical delays.\n\n**Required Remediation:**\nA detailed root cause analysis is required for the prolonged durations in Detection, Activation, Awaiting, and Resolution. For the Awaiting state, despite repetitive activities being outside operator control, its extensive duration (16d, 8h, 10min) demands stricter SLAs with external parties or process re-engineering to minimize wait times. For Detection, Activation, and Resolution, implement process optimizations such as improved triage, automation, and resource allocation to significantly reduce these bottlenecks and improve overall incident handling efficiency."
152,10,"The average durations for Detection (6155 min), Activation (12655 min), Awaiting (23530 min), and Resolution (8531 min) significantly exceed their respective non-acceptable thresholds (2880, 7200, 14400, and 4320 minutes). While the calculated cost compliance for these activities is within acceptable limits (all <= 0.02 vs. threshold 0.05), indicating that certain deviation types are not considered process errors or are beyond operator control, these prolonged durations still highlight substantial process inefficiencies. The 'Awaiting' state remains the most critical bottleneck.\n\n**Recommendation:** Focus remediation on actively reducing the excessive average durations in Detection, Activation, Awaiting, and Resolution. Investigate the underlying causes of these extended times, even for activities where specific deviation types are deemed acceptable or external. For 'Awaiting', specifically, explore strategies to expedite external dependencies or improve handoff mechanisms, despite the operator's limited direct control."
153,1,"The assessment identifies 7 incidents with critical non-compliance costs (>= 0.3), led by INC0033952 at 0.81. However, the reported costs may overstate actual process non-compliance as repetitive detection, N*RC variants (missing activation/awaiting), and repetitive awaiting activities are now considered acceptable deviations, not process errors.\n\nTo accurately assess compliance, a granular breakdown of deviation types for each critical incident is required to distinguish true process errors from these newly defined acceptable deviations. Technical analysis indicates that incidents frequently exhibit moderate impact, urgency, and priority, often linked to Symptom 491, Location 204, and a notable absence of symptom data, which should be investigated for root causes once actual non-compliance is confirmed.\n\n**Recommendation:**\nPerform a detailed analysis of the most critical incidents to identify the specific deviation types contributing to their non-compliance cost, explicitly excluding repetitive detection, N*RC variants, and repetitive awaiting activities from process error calculations. Remediation should then focus on improving initial logging practices to ensure complete symptom recording and addressing actual process deviations in the detection and resolution phases."
153,2,"All seven listed incidents are critically non-compliant, with costs ranging from 0.31 to 0.81, exceeding the critical threshold of >= 0.3. A deep dive into the technical attributes of incidents reveals that the majority are characterized by an Impact of \'2\', an Urgency of \'2\', and a Priority of \'3\'. The most frequent locations are \'204\' (over 100 incidents) and \'143\' (over 70 incidents), while categories \'46\' (over 80 incidents) and \'42\' (over 60 incidents) are most common.\n\nThe primary risk from this persistent non-compliance is the systemic failure to adequately manage a large volume of moderate-priority security incidents, leading to potential operational disruptions and increased exposure to threats. While repetitive detection and awaiting activities are now considered non-harming due to new merge rules and third-party control, the high non-compliance cost indicates significant deviations in other critical phases like activation, resolution, or closure, which are directly within security operator control.\n\nTo resolve this, remediation should focus on:\n1.  **Targeted Process Re-engineering:** Conduct a detailed review of the "activation," "resolution," and "closure" phases specifically for incidents with Impact \'2\', Urgency \'2\', and Priority \'3\', especially those originating from locations \'204\' and \'143\' and categories \'46\' and \'42\', to identify and rectify process gaps.\n2.  **Root Cause Analysis for Missing/Mismatch Deviations:** Investigate why critical activities (e.g., activation, resolution, closure) are frequently missing or mismatched in these incidents, as these carry the highest non-compliance costs.\n3.  **Enhanced Training and Monitoring:** Provide specific training to incident response teams handling these common incident types, emphasizing adherence to the process steps that contribute most to non-compliance cost, and implement stricter monitoring for these deviations."
153,3,"Based on the 'cost' metric, 7 incidents are critically non-compliant, with costs ranging from 0.31 to 0.81, indicating significant process drift and potential for inefficient handling. A technical analysis of critical incidents shows prevalent symptom 491 (and 'None'), consistent impact 2, urgency 2, priority 3, and frequent occurrences at locations 204, 143, 161, 108, 93, and categories 42, 46, 26. For remediation, a deep dive must differentiate between actual process errors (missing/mismatch) and acceptable deviations like repetitive detection (N) or awaiting (W) activities, focusing root cause analysis on genuine non-compliance to mitigate risks."
153,4,"As an Analyst, I will assess the most critical non-compliant incidents based on the updated environment variables and the \'cost\' metric.\n\n**Assessment:**\nThe `most_critical_incidents` data shows 7 incidents with \'cost\' values ranging from 0.31 to 0.81. According to the `compliance_metric_severity_levels2` for \'cost\', all these incidents fall into the "critical" severity level (>= 0.3 AND <= 2.0).\n\nThe update clarifies that repetitive \'detection\' (N) deviations are not process errors but multiple technical triggers, and the `acceptableRepetition` threshold for \'detection\' has been tuned accordingly (now `<=5000`). Similarly, \'N*RC\' variants (Detection-Resolution-Closure) due to temporary merge rules are not process errors. Repetitive \'awaiting\' (W) activities, where incidents are with customers/third parties, are also not process-harming deviations, and its `acceptableRepetition` threshold has been tuned (now `<=2000`).\n\nThe previous assessment focused on common technical attributes (Impact=2, Urgency=2, Priority=3) across all critical incidents. While these attributes are prevalent in the `technical_analysis` data, the new information regarding specific deviation types (repetitive \'detection\' and \'awaiting\', and \'N*RC\' variants) indicates that some high \'cost\' values might not represent actual process non-compliance by security operators.\n\n**Recommendation & Remediation:**\nA deep dive into the top critical incidents (INC0033952, INC0025696, INC0026744, INC0032450, INC0025714, INC0029392, INC0033063) is required. For each incident, analyze its detailed process trace and deviation types. Specifically, determine if the high \'cost\' is primarily driven by repetitive \'detection\' or \'awaiting\' activities, or if it\'s an \'N*RC\' variant. If so, these incidents should be re-evaluated for actual non-compliance by security operators, as these types of deviations are now considered acceptable or outside operator control. This will allow for a more accurate identification of true process bottlenecks and risks."
153,5,"The assessment reveals 7 incidents with critical non-compliance costs ranging from 0.31 to 0.81, indicating significant process deviations. As an Analyst, remediation should focus on identifying root causes for *actionable* non-compliance, specifically `missing` or `mismatch` deviations in any activity, and `repetition` in `activation`, `resolution`, or `closure`, as these directly impact efficiency. Repetitive `detection` (threshold <=5000) and `awaiting` (threshold <=2000) activities, along with N*RC variants, are excluded from this analysis per updated guidelines. Investigate common technical attributes like Symptom 491, Location 204, and Categories 42, 26, 46 to correlate with actionable deviations for targeted process re-evaluation and training."
153,6,"The seven incidents (INC0033952, INC0025696, INC0026744, INC0032450, INC0025714, INC0029392, INC0033063) are critically non-compliant, with costs ranging from 0.31 to 0.81, exceeding the critical threshold of 0.3. As an Analyst, a deep dive into these specific incidents to explain risks and resolve non-compliance is hindered because the `technical_analysis` data lacks correlation to individual `incident_id`s. While new context for acceptable deviations (e.g., repetitive detection, N*RC variants, repetitive awaiting) is provided, it cannot be applied to these incidents without a detailed breakdown of their individual cost components. Therefore, to enable effective root cause analysis and targeted remediation, future data must clearly link technical attributes and detailed deviation types to each incident ID."
153,7,"The assessment, now utilizing the 'cost' metric, identifies 7 incidents as critically non-compliant, with costs ranging from 0.31 to 0.81. Even with the redefinition of repetitive detection/awaiting activities and N*RC variants as non-process-harming, the observed high costs, particularly for INC0033952 (0.81), signify substantial non-compliance within the security operator's control, likely due to missing resolution/closure steps or significant mismatches/repetitions in activation, resolution, or closure activities. This drift between theoretical and practical process execution continues to pose risks of operational inefficiency, inconsistent incident handling, and potential security vulnerabilities.\n\n**Required Remediation:**\n1.  **Targeted Root Cause Analysis:** Prioritize a deep dive into the most critical incidents, starting with INC0033952, to pinpoint the exact missing, mismatched, or process-harming repetitive activities (excluding detection and awaiting) driving their high non-compliance costs.\n2.  **Process Refinement based on Technical Attributes:** Continue to enforce mandatory symptom reporting to address data quality issues. Focus process review and training efforts on incidents characterized by Symptom 491 and those originating from Locations 204, 161, 143, 93, 108, 51, and Categories 42, 26, 46, 53, 57, 9, 23, especially for moderate priority incidents (Impact=2, Urgency=2, Priority=3), to align practical execution with the defined process."
153,8,"All listed incidents are critically non-compliant, with costs ranging from 0.31 to 0.81 (INC0033952 being the highest), exceeding the critical threshold of >= 0.3. Given that repetitive detection/awaiting activities and N*RC variants are exempted, these high costs primarily indicate significant 'missing' or 'mismatched' activities, particularly in the Resolution and Closure stages, which carry the highest cost penalties. A deep dive into these critical incidents reveals common technical attributes: Impact 2, Urgency 2, Priority 3, and frequent origins from locations 204, 161, 143, and categories 46, 26, 42.\n\n**Recommendation & Remediation:**\nFocus remediation on the process execution of incidents with these specific technical attributes. Conduct an in-depth analysis of their process traces to identify root causes for missing or mismatched Resolution and Closure activities, as these are the most impactful deviations. This will help pinpoint the exact drift between the theoretical and practical process, allowing for targeted improvements."
153,9,"The incident management process exhibits critical non-compliance, with 7 incidents showing costs between 0.31 and 0.81, all falling into the 'critical' severity range. The highest non-compliance is observed in INC0033952 (cost 0.81). Technical analysis reveals that incidents with Impact 2, Urgency 2, Priority 3, Symptom 491, Location 204, and Categories 46, 26, 53, 42 are most frequently affected, indicating a systemic process drift for these specific incident characteristics.\n\n**Recommendation:**\nPrioritize a deep dive into the top critical incidents, especially INC0033952, to identify the precise deviation types (missing, repetition, mismatch) and activities contributing to their high non-compliance cost.\n\n**Required Remediation:**\n1.  **Detailed Deviation Breakdown:** For each critical incident, extract and analyze the specific compliance deviation types and associated process activities.\n2.  **Contextualize Deviations:** If high costs stem from repetitive 'detection' or 'awaiting' activities, or from 'N*RC' variants, consider these as automated system behaviors or external dependencies not indicative of operator process failure.\n3.  **Targeted Process Improvement:** Focus remediation efforts on incidents where 'missing' or 'mismatch' deviations, particularly in resolution and closure phases, are the primary drivers of non-compliance, as these point to direct operational process gaps.\n\n**Output for Insufficient Data:**\nTo improve incident management compliance assessment, ensure future technical analysis data explicitly links deviation types and their associated costs to individual critical incidents, allowing for precise root cause identification and targeted remediation strategies."
153,10,"All provided incidents are critically non-compliant, with costs ranging from 0.31 to 0.81, falling within the defined critical threshold (>= 0.3). The majority of these incidents share common technical attributes: `Impact: 2`, `Urgency: 2`, `Priority: 3`, with `Symptom: 491`, `Location: 204`, and `Category: 46` being most prevalent.\n\nThe primary risk is a systemic lack of adherence to the incident management process, potentially leading to unpredictable resolution paths and operational inefficiencies. However, the current data does not allow for a nuanced assessment based on the updated compliance configuration, which redefines certain repetitive detection/awaiting activities and N*RC variants as non-process-harming or acceptable deviations.\n\n**Required Remediation (Output for Insufficient Data):**\nTo accurately assess compliance and leverage the updated configuration, a deep dive into the specific deviation types (missing, repetition, mismatch) and their respective costs for each critical incident is essential. This granular data, including individual incident traces (event logs), is required to distinguish between actual process errors and the newly defined acceptable deviations, enabling targeted remediation efforts for genuine non-compliance."
154,1,"The overall incident management compliance is critical, with all listed incidents having a non-compliance cost between 0.31 and 0.81, which falls within the defined critical threshold (>= 0.3 AND <= 2.0). A detailed technical analysis reveals that symptom '491' is the most frequent (162 instances), while 104 incidents have no reported symptom. The most affected categories are '26' (70 instances), '53' (67 instances), and '46' (63 instances), with locations '204' (147 instances), '161' (124 instances), and '143' (107 instances) being most frequently targeted.\n\n**Recommendation:**\nThe Analyst should prioritize an in-depth investigation into incidents with symptom '491', particularly those impacting categories '26', '53', and '46' across locations '204', '161', and '143', to identify underlying root causes. Immediate remediation is required to improve data quality by ensuring symptoms are consistently reported for all incidents, as a significant number currently lack this critical information."
154,2,"All 7 incidents are critically non-compliant, with costs ranging from 0.31 to 0.81. Technical analysis reveals Symptom 491 is most frequent (218 occurrences), but 120 incidents are missing symptom information. Categories 46 (80 occurrences), 42 (60), 23 (59), 53 (57), and 26 (55) are most affected. Locations 204 (153 occurrences), 161 (110), 143 (98), 108 (58), 93 (49), and 51 (30) are most targeted.\n\nTo improve compliance, it is required to formally report these detailed technical statistics, investigate the root causes for the high frequency of these specific symptoms, categories, and locations, and address the significant data quality issue of 120 incidents missing symptom information to enable comprehensive analysis."
154,3,"The technical analysis of the provided incident data, as an Analyst, reveals the following:\n\n*   **Symptom 491** is the most frequent symptom, occurring 178 times, indicating a recurring technical issue or a common type of attack.\n*   **Location 204** is the most affected location, with 124 incidents, suggesting a concentrated vulnerability or frequent targeting of assets in this specific area.\n*   **Category 46** is the most frequently targeted category, appearing 71 times, highlighting a particular type of IT asset or infrastructure that is regularly impacted.\n\n**Recommendation:**\nAs an Analyst, I recommend an in-depth investigation into incidents associated with **Symptom 491**, **Location 204**, and **Category 46** to identify underlying root causes, specific vulnerabilities, and potential attack patterns. This focused analysis will help in developing targeted remediation strategies and improving the resilience of the most affected IT assets and infrastructures."
154,4,""The technical analysis data reveals Symptom 491 as the most frequent (171 occurrences), with a significant data quality issue of 104 incidents missing symptom information. Categories 42 (83 occurrences) and 46 (80 occurrences) are the most affected, and Locations 204 (154 occurrences), 143 (105 occurrences), and 161 (100 occurrences) are the most frequently targeted. This detailed technical insight is crucial for the Analyst to deduce frequently targeted IT assets and infrastructures, especially when investigating incidents with high compliance costs.\n\n**Recommendation:**\nGenerate a comprehensive technical report highlighting the most frequent symptoms (Symptom 491), affected categories (Category 42, 46), and targeted locations (Location 204, 143, 161) to enable in-depth analysis and root cause identification of IT security incidents.\n\n**Required Remediation:**\nPrioritize addressing the data quality gap for 'symptom' by ensuring complete information capture for all incidents, as 104 missing entries severely impede the Analyst's ability to perform comprehensive technical analysis and identify recurring attack patterns."
154,5,"The incident management process continues to show critical compliance issues, with the top 7 incidents having a non-compliance cost ranging from 0.31 to 0.81, all falling within the 'critical' severity level (>= 0.3). Technical analysis reveals that Symptom 491 is the most frequent (177 occurrences), followed by 'None' symptoms (104 occurrences), indicating a persistent lack of detailed initial reporting. Location 204 is the most affected (183 incidents), and Category 46 is the most targeted (107 incidents), highlighting these as frequently targeted IT assets requiring immediate attention.\n\n**Recommendation:**\nAs an Analyst, a deep-dive investigation into the root causes of Symptom 491, frequent 'None' symptoms, and the prevalence of incidents in Location 204 and Category 46 is crucial. Implement targeted improvements in initial incident reporting to reduce 'None' symptom occurrences and develop specific preventative measures for the identified high-risk areas to improve overall compliance."
154,6,"The technical analysis reveals that Symptom 491 is the most frequently occurring (170 instances), followed by \'None\' (93 instances), indicating a potential lack of detailed symptom reporting. Category 46 is the most affected (78 instances), with Category 42 (60 instances) and Category 26 (59 instances) also being highly prevalent. Location 204 is the most frequently targeted (153 instances), followed by Location 143 (98 instances) and Location 161 (96 instances).\n\n**Recommendation:**\nInvestigate the root causes behind the high incidence of Symptom 491, Category 46, and Location 204 to identify and mitigate vulnerabilities in these frequently targeted IT assets and infrastructures. Implement mandatory and specific symptom reporting to reduce "None" entries, improving the quality of technical analysis for future incidents."
154,7,"The provided data indicates that Symptom 491 is the most frequently occurring symptom (180 times), Category 42 is the most affected category (60 times), and Location 204 is the most frequently targeted IT asset/infrastructure (108 times). As an Analyst, these technical statistics highlight critical areas for in-depth investigation.\n\nThe updates regarding the compliance metric and specific process deviations (repetitive detection, N*RC variants, repetitive awaiting activities) primarily concern process compliance values and do not alter the interpretation of these technical attribute frequencies. Therefore, the core of the previous recommendation remains valid.\n\n**Recommendation:**\nAs an Analyst, continue to prioritize a deeper root cause analysis for incidents linked to Symptom 491, Category 42, and Location 204. Investigate the underlying technical and operational reasons for their high frequency to identify systemic vulnerabilities. Focus remediation efforts on these identified areas to enhance overall incident management effectiveness and reduce the impact on frequently targeted IT assets."
154,8,"The technical analysis reveals symptom '491' as the most prevalent (150 instances), but a significant 75 incidents lack symptom data, indicating a major gap in reporting. Locations '204' (162 instances), '143' (118 instances), and '161' (118 instances) are most frequently affected, while categories '42' (104 instances), '46' (101 instances), and '53' (84 instances) are the most common.\n\n**Recommendation:**\nAs an Analyst, I recommend a deep dive into the root causes for incidents associated with the top symptom '491' and the most affected locations ('204', '143', '161') and categories ('42', '46', '53') to identify specific targeted IT assets and infrastructure vulnerabilities. Crucially, immediate remediation is required to address the 75 incidents with missing symptom data by reviewing and enforcing incident logging procedures to ensure complete technical analysis for all incidents."
154,9,"The incident management process shows critical compliance issues, with all 7 listed incidents having a non-compliance cost between 0.31 and 0.81, falling into the 'critical' severity range. Technical analysis reveals that Symptom 491 (59 occurrences), Category 46 (109 occurrences), and Location 204 (160 occurrences) are the most frequently reported attributes. This indicates a recurring technical problem centered at Location 204, affecting assets in Category 46 and manifesting as Symptom 491. However, 58 incidents have no recorded symptom, which significantly impedes in-depth technical analysis and root cause identification.\n\n**Required Remediation:**\nImprove data collection processes to ensure that all incidents have a recorded symptom, as the current high volume of missing symptom data (58 incidents) severely hinders effective technical analysis and the deduction of frequently targeted IT assets."
154,10,"Based on the technical analysis for the period 2016-06-01 to 2016-07-01, the most frequently occurring symptom is '491' (298 incidents). The most affected locations are '204' (181 incidents), '161' (147 incidents), and '143' (110 incidents). The categories indicating frequently targeted IT assets and infrastructures are '46' (104 incidents), '42' (85 incidents), and '26' (74 incidents).\n\nTo improve incident management compliance for this control, it is recommended to formalize the reporting of these technical statistics. A recurring report should be generated that clearly presents these top symptoms, locations, and categories, enabling proactive measures to protect frequently targeted IT assets. Additionally, investigate the 122 incidents with 'None' symptom values to ensure comprehensive data recording. The provided updates to environment variables and deviation interpretations do not directly impact the assessment of this control, as it focuses on technical reporting rather than process compliance metrics."
